Make,Highway mpg
Audi,25
Audi,28
Audi,30
Audi,28
Audi,28
Audi,27
Audi,26
Audi,18
Audi,20
Audi,30
Audi,27
Audi,26
Acura,29
Acura,26
BMW,17
BMW,17
BMW,17
BMW,17
Chevrolet,25
Chevrolet,25
Chevrolet,25
Chevrolet,25
Chevrolet,25
Chevrolet,25
Chevrolet,25
Chevrolet,26
Chevrolet,25
Chevrolet,18
Chevrolet,12
Chevrolet,17
Chevrolet,17
Chevrolet,12
Chevrolet,12
Chevrolet,13
Chevrolet,17
Chevrolet,20
Chevrolet,19
Chevrolet,20
Chevrolet,20
Chevrolet,20
Chevrolet,19
Nissan,26
Nissan,26
Nissan,26
Volvo,29
Volvo,30
Volvo,30
Volvo,29
Bentley,15
Bentley,14
Bentley,14
Bentley,14
Bentley,19
Bentley,13
Bentley,19
Bentley,17
Bentley,17
Bentley,17
Volvo,28
Volvo,28
Volvo,28
Volvo,29
Volvo,30
Volvo,30
Volvo,27
Volvo,30
Volvo,26
Volvo,26
Volvo,26
Volvo,27
Volvo,22
Volvo,24
Volvo,27
Volvo,30
Volvo,26
Volvo,31
Volvo,22
Volvo,25
Volvo,21
Volvo,27
Volvo,25
Volvo,22
Volvo,21
Volvo,22
Toyota,23
Toyota,22
Toyota,22
Toyota,23
Toyota,22
Volvo,22
Volvo,21
Volvo,22
Volvo,19
Volvo,27
Toyota,23
Toyota,23
Toyota,22
Toyota,22
Toyota,23
Toyota,22
Audi,30
Honda,25
Honda,31
Honda,31
Honda,31
Honda,28
Honda,31
Honda,31
Honda,31
Nissan,25
Nissan,25
Nissan,25
Nissan,25
Nissan,25
Nissan,25
Nissan,25
Nissan,25
Audi,30
Nissan,26
Nissan,26
Nissan,26
Nissan,26
Audi,30
Nissan,26
Nissan,26
Nissan,26
Nissan,26
Audi,31
Audi,29
Audi,31
Audi,29
Ford,38
Ford,38
Ford,38
Ford,37
Ford,37
Ford,37
Volvo,30
Volvo,29
Volvo,30
Volvo,29
Audi,27
Audi,30
Volvo,29
Volvo,27
Audi,29
Audi,29
Audi,30
Honda,32
Honda,33
Honda,26
Honda,32
Honda,29
Honda,33
Honda,33
Ford,38
Ford,38
Ford,37
Ford,37
Honda,31
Honda,31
Honda,31
Honda,31
Honda,31
Honda,31
Honda,31
Honda,31
Honda,29
Toyota,29
Toyota,29
Nissan,26
Nissan,26
Nissan,26
Nissan,26
Toyota,28
Toyota,28
Toyota,28
Toyota,33
Toyota,32
Toyota,33
Toyota,32
Toyota,29
Toyota,33
Toyota,32
Toyota,29
Toyota,32
Toyota,29
Ford,36
Ford,36
Ford,35
Ford,34
Ford,35
Ford,34
Ford,35
Ford,34
Ford,34
Ford,35
Ford,34
Ford,35
Ford,34
Ford,35
Ford,34
Ford,35
Ford,34
Nissan,31
Nissan,27
Volvo,26
Volvo,29
Volvo,23
Volvo,25
Volvo,23
Volvo,23
Volvo,25
Volvo,23
Volvo,23
Nissan,32
Nissan,27
Toyota,33
Toyota,32
Toyota,33
Toyota,32
Toyota,28
Toyota,33
Toyota,32
Toyota,28
Toyota,32
Toyota,28
Volvo,22
Volvo,22
Volvo,21
Volvo,22
Volvo,25
Volvo,26
Volvo,30
Bentley,14
Bentley,17
Bentley,17
Ford,35
Ford,34
Ford,35
Ford,34
Bentley,18
Bentley,17
Bentley,17
Bentley,15
Toyota,35
Toyota,34
Toyota,34
Toyota,35
Toyota,34
Rolls-Royce,20
Audi,29
Audi,26
Rolls-Royce,18
Rolls-Royce,18
Audi,31
Audi,29
Rolls-Royce,18
Audi,29
Audi,31
Audi,30
Audi,27
Audi,27
Rolls-Royce,18
Rolls-Royce,20
Honda,29
Rolls-Royce,18
Honda,33
Honda,34
Honda,34
Honda,34
Honda,33
Honda,34
Honda,30
Honda,34
Honda,30
Rolls-Royce,18
Rolls-Royce,18
Rolls-Royce,18
Volkswagen,33
Volkswagen,31
Volkswagen,29
Volkswagen,29
Volkswagen,31
Volkswagen,31
Volkswagen,34
Volkswagen,31
Volkswagen,33
Volkswagen,33
Volkswagen,33
Volkswagen,34
Toyota,35
Toyota,34
Toyota,35
Toyota,34
Toyota,34
Toyota,34
Toyota,30
Toyota,30
Toyota,22
Toyota,20
Toyota,21
Audi,28
Audi,26
Volkswagen,30
Volkswagen,30
Volkswagen,30
Volkswagen,30
Volkswagen,30
Volkswagen,30
Volkswagen,30
Volkswagen,30
Volkswagen,30
Volkswagen,30
Volkswagen,30
Volkswagen,31
Volkswagen,31
Volkswagen,41
Volkswagen,30
Volkswagen,30
Volkswagen,41
Toyota,22
Toyota,19
Toyota,21
Toyota,25
Toyota,25
Toyota,22
Toyota,25
Toyota,24
Toyota,22
Toyota,24
Toyota,22
Toyota,27
Toyota,24
Toyota,23
Toyota,24
Toyota,23
Toyota,24
Toyota,23
Toyota,24
Toyota,23
Honda,27
Honda,27
Honda,26
Toyota,18
Toyota,18
Toyota,32
Toyota,32
Toyota,28
Toyota,29
Toyota,26
Maybach,16
Maybach,16
Maybach,16
Maybach,16
Maybach,16
Maybach,16
Maybach,16
Maybach,16
Maybach,16
Maybach,16
Maybach,16
Maybach,16
Maybach,16
Toyota,32
Toyota,31
Toyota,28
Toyota,29
Toyota,26
Toyota,28
Toyota,29
Nissan,31
Nissan,18
Nissan,18
Nissan,18
Nissan,19
Nissan,18
Nissan,18
Volkswagen,33
Volkswagen,31
Volkswagen,33
Volkswagen,31
Volkswagen,31
Volkswagen,31
Volkswagen,42
Chevrolet,35
Chevrolet,35
Chevrolet,34
Chevrolet,35
Chevrolet,34
Volkswagen,31
Volkswagen,31
Volkswagen,27
Volkswagen,25
Audi,24
Audi,26
Chevrolet,35
Chevrolet,35
Chevrolet,34
Chevrolet,35
Chevrolet,34
Audi,23
Audi,26
Audi,26
Audi,28
Audi,27
Audi,27
Nissan,18
Nissan,18
Nissan,18
Nissan,18
Nissan,18
Nissan,18
Audi,23
Audi,23
Nissan,30
Nissan,30
Nissan,30
Nissan,30
Audi,27
Audi,23
Audi,27
Audi,23
Honda,27
Honda,27
Honda,25
Audi,23
Audi,23
Honda,34
Honda,36
Honda,34
Honda,36
Honda,34
Honda,36
Honda,36
Honda,29
Audi,22
Audi,22
Audi,25
Lamborghini,20
Chevrolet,35
Chevrolet,35
Chevrolet,34
Chevrolet,35
Chevrolet,34
Lexus,24
Lexus,23
Lexus,24
Lexus,23
Lamborghini,20
Lamborghini,20
Hyundai,40
Hyundai,40
Hyundai,40
Hyundai,40
Lexus,24
Lexus,23
Lexus,24
Lexus,23
Hyundai,36
Hyundai,34
Hyundai,34
Hyundai,34
Hyundai,36
Hyundai,34
Hyundai,36
Hyundai,34
Hyundai,36
Hyundai,36
Hyundai,40
Hyundai,40
Hyundai,36
Hyundai,34
Hyundai,34
Hyundai,36
Hyundai,28
Hyundai,27
Hyundai,26
Hyundai,26
Audi,22
Audi,22
Audi,25
Audi,19
Audi,25
Audi,18
Toyota,28
Toyota,27
Toyota,27
Toyota,26
Toyota,28
Toyota,27
Toyota,27
Toyota,26
Toyota,28
Toyota,27
Toyota,27
Toyota,26
Nissan,29
Nissan,29
Volvo,30
Chevrolet,28
Chevrolet,30
Chevrolet,28
Chevrolet,30
Chevrolet,24
Chevrolet,24
Chevrolet,24
Chevrolet,24
Nissan,31
Nissan,31
Chevrolet,28
Chevrolet,30
Chevrolet,28
Chevrolet,30
Chevrolet,24
Chevrolet,24
Chevrolet,24
Chevrolet,25
Mercedes,26
Mercedes,26
Mercedes,25
BMW Motorrad,27
BMW,26
BMW,26
BMW Motorrad,28
Chevrolet,28
Chevrolet,30
Chevrolet,28
Chevrolet,30
Chevrolet,24
Chevrolet,24
Chevrolet,24
Chevrolet,24
Chevrolet,28
Chevrolet,29
Mercedes,19
Mercedes,26
Hyundai,40
Hyundai,40
Hyundai,40
Hyundai,40
Hyundai,40
Hyundai,40
Hyundai,40
Hyundai,40
Hyundai,40
Hyundai,40
Hyundai,34
Hyundai,34
Hyundai,34
Hyundai,34
Hyundai,34
Ford,32
Ford,33
Ford,33
Ford,28
Ford,33
Ford,28
Ford,19
Ford,27
Ford,25
Volkswagen,31
Volkswagen,31
Volkswagen,31
Ford,29
Ford,33
Ford,29
Ford,33
Ford,21
Ford,19
Ford,27
Ford,24
Ford,21
Ford,33
Ford,31
Ford,34
Ford,29
Ford,27
Ford,31
Ford,20
Ford,18
Ford,27
Ford,24
Ford,31
Kia,34
Kia,36
Kia,36
Kia,32
Audi,25
Kia,34
Kia,36
Kia,32
Kia,32
Kia,33
Kia,34
Kia,32
Kia,31
Audi,20
Audi,19
Kia,34
Kia,34
Kia,34
Kia,34
Kia,36
Kia,32
Kia,31
Audi,20
Audi,19
Hyundai,30
Hyundai,31
Hyundai,31
Hyundai,30
Hyundai,31
Hyundai,30
Hyundai,30
Hyundai,31
Hyundai,31
Hyundai,30
Hyundai,31
Hyundai,30
Hyundai,31
Hyundai,30
Hyundai,24
Hyundai,24
Hyundai,26
Hyundai,29
Hyundai,26
Kia,34
Kia,34
Kia,32
Kia,31
Kia,35
Kia,34
Kia,34
Kia,34
Kia,34
Honda,34
Honda,36
Honda,34
Honda,36
Honda,34
Honda,36
Honda,34
Honda,36
Honda,29
Kia,40
Kia,32
Kia,32
Kia,32
Kia,28
Kia,32
Kia,28
Kia,34
Kia,36
Kia,36
Hyundai,27
Hyundai,25
Hyundai,25
Hyundai,27
Hyundai,30
Hyundai,26
Hyundai,27
Hyundai,30
Hyundai,30
Hyundai,26
Hyundai,27
Hyundai,30
Hyundai,30
Hyundai,30
Hyundai,30
Hyundai,27
Hyundai,26
Hyundai,30
Hyundai,26
Hyundai,27
Hyundai,30
Hyundai,27
Hyundai,27
Hyundai,30
Hyundai,30
Hyundai,30
Hyundai,26
Hyundai,27
Hyundai,26
Hyundai,30
Hyundai,26
Hyundai,30
AMG,19
Volkswagen,31
Volkswagen,31
Ford,29
Ford,31
Ford,29
Ford,31
Ford,26
Ford,25
Ford,26
Ford,25
Ford,26
Mercedes,25
Ford,30
Ford,30
Ford,30
Ford,30
Ford,30
Ford,25
Ford,30
Ford,25
Ford,29
Ford,30
Ford,29
Ford,30
Ford,26
Ford,25
Ford,26
Ford,25
Ford,29
Ford,31
Ford,29
Ford,31
Ford,26
Ford,25
Ford,26
Ford,25
Mercedes,26
AMG,19
Mercedes,25
Mercedes,26
Mercedes,25
Mercedes,19
Kia,36
Kia,36
Kia,34
Kia,36
Kia,34
Kia,36
Volkswagen,31
Kia,34
Kia,34
Kia,36
Kia,34
Kia,36
Kia,31
Kia,30
Kia,30
Kia,30
Kia,30
Chevrolet,28
Chevrolet,30
Chevrolet,29
Chevrolet,28
Chevrolet,30
Chevrolet,28
Chevrolet,30
Chevrolet,24
Chevrolet,25
Chevrolet,24
Chevrolet,25
Ford,26
Ford,24
Ford,26
Ford,24
Ford,24
Ford,23
Ford,24
Ford,23
Kia,31
Kia,30
Kia,30
Kia,30
Kia,30
Kia,30
Kia,30
Ford,26
Ford,24
Ford,26
Ford,24
Ford,24
Ford,23
Ford,24
Ford,23
Audi,20
Audi,19
Kia,25
Kia,25
Ford,23
Ford,23
Ford,23
Ford,23
Ford,23
Ford,22
Kia,25
Kia,25
Kia,23
Kia,23
Kia,23
Audi,20
Volkswagen,31
Audi,19
Kia,27
Kia,29
Kia,27
Kia,26
Kia,24
Kia,32
Kia,28
Kia,26
Kia,24
Kia,26
Kia,24
Audi,27
Chevrolet,29
Chevrolet,29
Chevrolet,29
Chevrolet,29
Chevrolet,29
Chevrolet,29
Chevrolet,24
Chevrolet,25
Chevrolet,24
Chevrolet,25
Audi,27
Kia,27
Kia,29
Kia,27
Kia,26
Kia,24
Kia,29
Kia,27
Kia,26
Kia,24
Kia,26
Kia,24
Kia,29
Kia,32
Kia,28
Kia,32
Kia,28
Kia,29
Kia,26
Volkswagen,41
Volkswagen,30
Volkswagen,30
Kia,29
Kia,31
Kia,28
Kia,31
Kia,28
Kia,27
Kia,25
Audi,27
Kia,25
Kia,25
Kia,24
Kia,23
Kia,23
Kia,23
Kia,23
Honda,34
Honda,36
Honda,34
Honda,36
Honda,34
Honda,36
Honda,34
Honda,36
Honda,34
Honda,36
Honda,34
Honda,36
Honda,29
Honda,36
Nissan,22
Nissan,22
Nissan,20
Nissan,20
Nissan,22
Nissan,20
Nissan,22
Nissan,18
Nissan,20
Hyundai,28
Hyundai,26
Hyundai,26
Hyundai,26
Hyundai,25
Hyundai,26
Hyundai,28
Hyundai,26
Hyundai,26
Hyundai,26
Hyundai,26
Hyundai,26
Hyundai,27
Hyundai,28
Hyundai,26
Hyundai,26
Hyundai,28
Hyundai,26
Ford,28
Ford,27
Ford,26
Ford,27
Ford,26
Ford,28
Ford,27
Ford,25
Ford,27
Ford,25
Ford,28
Ford,27
Ford,25
Ford,27
Ford,25
Volkswagen,30
Volkswagen,41
Volkswagen,33
Volkswagen,31
Volkswagen,42
Ford,26
Ford,26
Ford,26
Ford,26
Ford,26
Ford,25
Ford,23
Volkswagen,31
Volkswagen,42
Audi,24
Audi,22
Ford,27
Ford,27
Ford,25
Ford,27
Ford,25
Ford,26
Ford,23
Ford,25
Ford,23
Ford,25
Ford,23
Ford,25
Ford,23
Ford,25
Ford,23
Audi,24
Audi,22
Ford,30
Ford,30
Ford,30
Audi,24
Audi,22
Audi,21
Audi,19
Honda,34
Honda,36
Honda,34
Honda,36
Honda,34
Honda,36
Honda,34
Honda,36
Honda,34
Honda,36
Honda,36
Honda,29
Honda,36
Chevrolet,24
Chevrolet,24
Chevrolet,24
Chevrolet,24
Chevrolet,24
Chevrolet,24
Chevrolet,24
Chevrolet,24
Chevrolet,24
Chevrolet,26
Chevrolet,25
Chevrolet,26
Chevrolet,25
Chevrolet,26
Chevrolet,25
Chevrolet,26
Chevrolet,25
Nissan,20
Nissan,22
Nissan,22
Nissan,20
Nissan,18
Nissan,20
Nissan,22
Volkswagen,23
Volkswagen,23
Volkswagen,25
Volkswagen,25
Nissan,22
Nissan,20
Nissan,20
Nissan,18
Nissan,22
Nissan,20
Nissan,20
Nissan,22
Volkswagen,25
Volkswagen,25
Volkswagen,25
Volkswagen,25
Volkswagen,26
Volkswagen,24
Volkswagen,24
Volkswagen,24
Hyundai,35
Hyundai,35
Hyundai,35
Hyundai,35
Hyundai,35
Hyundai,34
Hyundai,35
Hyundai,34
Hyundai,35
Hyundai,33
Hyundai,35
Hyundai,35
Hyundai,35
Hyundai,35
Hyundai,35
Hyundai,35
Hyundai,32
Hyundai,32
Hyundai,32
Hyundai,32
Hyundai,32
Hyundai,32
Hyundai,32
Hyundai,29
Hyundai,29
Honda,37
Honda,37
Hyundai,22
Hyundai,22
Hyundai,21
Hyundai,21
Hyundai,22
Hyundai,23
Hyundai,22
Hyundai,23
Honda,33
Honda,35
Honda,33
Honda,33
Hyundai,40
Hyundai,31
Hyundai,32
Hyundai,28
Hyundai,32
Hyundai,28
Hyundai,32
Hyundai,27
Hyundai,28
Hyundai,32
Hyundai,28
Mazda,28
Mazda,28
Mazda,24
Mazda,21
Mazda,28
Mazda,24
Mazda,21
Ford,24
Ford,24
Ford,23
Ford,24
Ford,23
Ford,22
Ford,24
Ford,23
Ford,22
Honda,33
Honda,35
Honda,33
Honda,33
Ford,24
Ford,24
Ford,22
Ford,22
Ford,24
Ford,22
Ford,22
Ford,24
Ford,22
Ford,22
Mazda,28
Mazda,28
Mazda,25
Mazda,23
Mazda,25
Mazda,23
Hyundai,31
Hyundai,31
Hyundai,31
Hyundai,28
Hyundai,28
Hyundai,28
Hyundai,31
Hyundai,27
Hyundai,28
Hyundai,31
Audi,20
Audi,19
Ford,24
Ford,24
Ford,22
Ford,22
Ford,24
Ford,22
Ford,22
Mazda,24
Mazda,22
Mazda,24
Mazda,22
Mazda,24
Mazda,22
Volkswagen,26
Volkswagen,25
Volkswagen,25
Volkswagen,25
Volkswagen,19
Volkswagen,25
Mercedes,21
Mercedes-Benz,17
AMG,18
AMG,17
BMW Motorrad,28
BMW Motorrad,27
BMW,28
Mercedes-Benz,18
AMG,21
Mercedes-Benz,23
AMG,18
BMW Motorrad,25
BMW Motorrad,25
BMW Motorrad,28
BMW Motorrad,28
Hyundai,31
Hyundai,30
Hyundai,28
Hyundai,28
Hyundai,28
Hyundai,28
Hyundai,31
Hyundai,31
Hyundai,31
BMW Motorrad,28
BMW Motorrad,28
BMW Motorrad,28
Mercedes,21
AMG,18
Chevrolet,26
Chevrolet,25
Chevrolet,26
Chevrolet,25
Chevrolet,26
Chevrolet,25
Chevrolet,26
Chevrolet,25
Mercedes-AMG,18
Chevrolet,26
Chevrolet,25
Chevrolet,26
Chevrolet,25
Chevrolet,26
Chevrolet,25
Chevrolet,26
Chevrolet,25
Mitsubishi,25
Mitsubishi,28
Mitsubishi,28
Mitsubishi,28
Mitsubishi,28
Mitsubishi,28
Mitsubishi,28
Mitsubishi,28
Mitsubishi,25
Mitsubishi,24
Mitsubishi,28
Mitsubishi,27
Mitsubishi,27
Mitsubishi,25
Chevrolet,26
Chevrolet,25
Chevrolet,26
Chevrolet,25
Chevrolet,26
Chevrolet,25
Chevrolet,26
Chevrolet,25
Toyota,28
Toyota,27
Toyota,27
Toyota,26
Toyota,28
Toyota,27
Toyota,27
Toyota,26
Toyota,28
Toyota,27
Toyota,27
Toyota,26
Mitsubishi,27
Mitsubishi,27
Mitsubishi,24
Chevrolet,26
Chevrolet,25
Chevrolet,26
Chevrolet,25
Chevrolet,26
Chevrolet,25
Chevrolet,26
Chevrolet,25
Mitsubishi,27
Mitsubishi,24
Mitsubishi,24
Mitsubishi,26
Mitsubishi,21
Mitsubishi,21
Mitsubishi,19
Mitsubishi,21
Mitsubishi,21
Mitsubishi,19
Mitsubishi,30
Mitsubishi,30
Mitsubishi,30
Mitsubishi,30
Cadillac,19
Cadillac,18
Mitsubishi,33
Mitsubishi,33
Mitsubishi,31
Mitsubishi,31
Mitsubishi,28
Mitsubishi,31
Hyundai,21
Cadillac,19
Cadillac,18
Cadillac,18
Cadillac,19
Cadillac,19
Cadillac,18
Cadillac,26
Cadillac,27
Cadillac,27
Cadillac,26
Cadillac,27
Cadillac,27
Cadillac,27
Cadillac,25
Cadillac,27
Cadillac,27
Cadillac,25
Cadillac,27
Cadillac,27
Cadillac,26
Toyota,20
Toyota,19
Toyota,18
Toyota,17
Toyota,18
Toyota,18
Toyota,17
Toyota,18
Toyota,18
Toyota,17
BMW Motorrad,26
BMW,26
BMW,26
BMW Motorrad,27
Infiniti,24
Infiniti,23
Infiniti,24
Infiniti,23
Mercedes,22
Mercedes,25
BMW Motorrad,26
BMW,28
BMW Motorrad,27
BMW,26
BMW,28
Infiniti,24
Infiniti,23
Infiniti,24
Infiniti,23
Mercedes,23
Mercedes,26
Mercedes,26
Mercedes,23
Chevrolet,26
Chevrolet,25
Chevrolet,26
Chevrolet,25
Chevrolet,26
Chevrolet,25
Chevrolet,26
Chevrolet,25
Mercedes,24
Mercedes,23
Mercedes,24
Mercedes,26
AMG,20
BMW Motorrad,28
BMW,25
BMW Motorrad,25
BMW,26
BMW,26
BMW Motorrad,28
BMW Motorrad,25
BMW,25
Chevrolet,21
Chevrolet,21
Chevrolet,20
Chevrolet,20
Chevrolet,20
Chevrolet,20
Nissan,28
Nissan,31
Chevrolet,26
Chevrolet,25
Chevrolet,26
Chevrolet,25
Chevrolet,26
Chevrolet,25
Chevrolet,26
Chevrolet,25
BMW,27
BMW Motorrad,28
BMW Motorrad,25
BMW,28
BMW Motorrad,28
BMW Motorrad,26
BMW,26
BMW,26
BMW,28
Chevrolet,26
Chevrolet,25
Chevrolet,26
Chevrolet,25
Chevrolet,26
Chevrolet,25
Chevrolet,26
Chevrolet,25
Mercedes,23
Mercedes,23
Mercedes,24
AMG,20
Mercedes,33
Mercedes,24
Chevrolet,26
Chevrolet,25
Chevrolet,26
Chevrolet,25
Chevrolet,26
Chevrolet,25
Chevrolet,26
Chevrolet,25
Mercedes,23
Mercedes,15
Mercedes-AMG,15
Mercedes,15
Mercedes-AMG,13
Chevrolet,26
Chevrolet,25
Chevrolet,26
Chevrolet,25
Chevrolet,26
Chevrolet,25
Chevrolet,26
Chevrolet,25
Chevrolet,26
Chevrolet,25
Chevrolet,26
Chevrolet,25
Chevrolet,26
Chevrolet,25
Chevrolet,26
Chevrolet,25
Chevrolet,26
Chevrolet,25
Chevrolet,26
Chevrolet,25
Chevrolet,26
Chevrolet,25
Chevrolet,26
Chevrolet,25
Cadillac,26
Cadillac,27
Cadillac,18
Cadillac,26
Cadillac,27
Cadillac,27
Cadillac,27
Cadillac,25
Cadillac,27
Cadillac,25
Cadillac,27
Cadillac,27
Cadillac,27
Mitsubishi,23
Mitsubishi,22
Mitsubishi,32
Mitsubishi,31
Mitsubishi,27
Mitsubishi,26
Mitsubishi,24
Mitsubishi,25
Mitsubishi,24
Cadillac,27
Cadillac,27
Cadillac,25
Cadillac,27
Cadillac,27
Cadillac,25
Cadillac,27
Cadillac,27
Toyota,19
Toyota,19
Toyota,18
Toyota,18
Toyota,18
Toyota,19
Toyota,18
Toyota,18
Toyota,19
Toyota,18
Toyota,18
Mitsubishi,31
Cadillac,23
Cadillac,23
Cadillac,23
Cadillac,23
Infiniti,24
Infiniti,24
Infiniti,24
Infiniti,24
BMW,26
BMW,25
BMW Motorrad,28
BMW,36
BMW Motorrad,25
BMW,25
BMW Motorrad,25
BMW Motorrad,28
BMW,26
Mercedes,23
Mercedes-Benz,17
Mercedes,17
Nissan,31
Nissan,28
Mercedes,17
Mercedes-Benz,18
Mercedes,21
Nissan,31
Nissan,32
Nissan,32
Nissan,31
Mercedes,22
Mercedes,21
Mercedes,21
Mercedes,23
BMW,36
BMW,27
BMW Motorrad,28
BMW Motorrad,26
BMW Motorrad,25
BMW Motorrad,28
BMW,28
BMW,26
BMW,28
Ford,28
Ford,28
Ford,27
Ford,28
Ford,19
Ford,27
Ford,17
Ford,28
Ford,19
Ford,27
Ford,17
Ford,28
Ford,28
Ford,26
Ford,28
Ford,25
Ford,26
Ford,17
Ford,28
Ford,25
Ford,26
Mercedes,24
Mercedes,19
Mercedes,24
Mercedes,19
Chevrolet,36
Chevrolet,35
Chevrolet,38
Chevrolet,38
Chevrolet,42
Chevrolet,39
Chevrolet,38
Chevrolet,38
Chevrolet,38
BMW Motorrad,25
BMW Motorrad,26
BMW Motorrad,25
BMW Motorrad,27
Chevrolet,36
Chevrolet,35
Chevrolet,36
Chevrolet,42
Chevrolet,37
Chevrolet,36
Chevrolet,36
Cadillac,25
Cadillac,25
Cadillac,25
Cadillac,23
Cadillac,25
Cadillac,23
Cadillac,23
Ford,28
Ford,28
Ford,26
Ford,28
Ford,25
Ford,26
Ford,17
Ford,28
Ford,25
Ford,26
Ford,17
Nissan,32
Nissan,31
Nissan,32
Nissan,34
Nissan,33
Nissan,34
Cadillac,18
Cadillac,15
Cadillac,13
Cadillac,15
Cadillac,18
Cadillac,15
Cadillac,18
Nissan,31
Nissan,33
Nissan,32
Nissan,34
Nissan,32
Nissan,34
BMW Motorrad,26
BMW Motorrad,27
BMW Motorrad,25
BMW Motorrad,26
Cadillac,20
Cadillac,15
Cadillac,20
Cadillac,15
Cadillac,16
Cadillac,15
Cadillac,20
Cadillac,20
Cadillac,23
Cadillac,23
Cadillac,23
Cadillac,23
Dodge,31
Dodge,30
Dodge,29
Dodge,31
Honda,28
Honda,27
Honda,28
Honda,27
Honda,28
Honda,27
Honda,28
Honda,27
Dodge,30
Dodge,30
Dodge,30
Honda,28
Honda,27
Honda,28
Honda,27
Honda,28
Honda,27
Cadillac,22
Cadillac,22
Cadillac,23
Cadillac,23
Cadillac,23
Cadillac,22
Honda,25
Honda,24
Honda,25
Honda,24
Cadillac,25
Cadillac,25
Cadillac,23
Cadillac,25
Cadillac,23
Cadillac,22
Cadillac,25
Cadillac,23
Cadillac,22
Cadillac,15
Cadillac,14
Cadillac,15
Cadillac,14
Cadillac,15
Cadillac,14
Cadillac,15
Cadillac,18
Nissan,20
Nissan,22
Nissan,20
Nissan,20
Nissan,22
Nissan,20
Nissan,20
Nissan,20
Nissan,20
Nissan,21
Nissan,20
Nissan,20
Nissan,20
Nissan,21
Nissan,20
Nissan,21
Nissan,31
Nissan,27
BMW,25
BMW Motorrad,27
BMW,23
BMW Motorrad,28
BMW,25
BMW Motorrad,25
BMW,22
BMW Motorrad,25
BMW,26
BMW,26
Mercedes,18
Mercedes,25
Mercedes-AMG,15
Mercedes,20
Mercedes,21
Mercedes,20
Mercedes,25
Mercedes,25
BMW Motorrad,25
Mercedes,18
BMW,22
Nissan,28
Nissan,31
Nissan,32
Nissan,31
Toyota,24
Toyota,24
Toyota,24
Toyota,24
Toyota,22
Toyota,24
Toyota,24
Toyota,24
Toyota,22
Toyota,24
Toyota,24
Toyota,22
BMW,22
BMW,30
BMW,28
BMW,25
Nissan,36
Mercedes,22
AMG,19
Mercedes-AMG,18
Mercedes,26
Mercedes-Benz,25
Mercedes-AMG,22
Mercedes,26
Mercedes-Benz,25
Mercedes,26
Lincoln,23
Lincoln,25
Lincoln,24
Lincoln,24
Lincoln,25
Lincoln,23
BMW,24
BMW,23
Mercedes,26
Lincoln,21
Lincoln,22
Lincoln,23
Lincoln,23
Lincoln,22
Lincoln,22
Lincoln,26
Lincoln,23
Lincoln,23
Lincoln,25
Cadillac,20
Cadillac,15
Cadillac,16
Cadillac,20
Cadillac,20
Cadillac,15
Cadillac,20
Cadillac,20
Lincoln,27
Lincoln,24
Lincoln,24
Lincoln,21
Mazda,22
Mazda,21
Mazda,22
Mazda,21
Mazda,22
Mazda,21
Toyota,23
Toyota,23
Toyota,23
Toyota,21
Toyota,23
Toyota,23
Toyota,23
Toyota,23
Toyota,21
Honda,25
Honda,24
Honda,25
Honda,23
Honda,24
Honda,23
Honda,25
Mazda,35
Mazda,33
Mazda,35
Mazda,33
Mazda,33
Mazda,33
Mazda,33
Mazda,33
Mazda,33
Mazda,28
Mazda,29
Mazda,28
Mazda,29
Mazda,28
Mazda,29
Mazda,28
Mazda,29
Ford,25
Ford,28
Ford,23
Ford,25
Ford,28
Ford,23
Ford,25
Ford,28
Ford,23
Mazda,29
Mazda,29
Mazda,29
Mazda,29
Ford,25
Ford,23
Ford,25
Ford,23
Ford,25
Ford,23
Mazda,33
Mazda,33
Mazda,33
Mazda,33
Mazda,33
Mazda,29
Mazda,29
Mazda,29
Mazda,29
Mazda,25
Mazda,25
Ford,20
Ford,19
Ford,19
Ford,19
Ford,20
Ford,19
Ford,19
Ford,20
Ford,19
Ford,19
Ford,19
Mazda,28
Mazda,28
Mazda,28
Mazda,28
Mazda,28
Mazda,27
Mazda,27
Mazda,27
Honda,23
Honda,22
Honda,23
Honda,22
Honda,23
Honda,22
Honda,23
Honda,22
Mazda,30
Mazda,31
Mazda,31
Mazda,31
Mazda,31
Mazda,27
Mazda,27
Cadillac,27
Cadillac,26
Cadillac,27
Cadillac,26
Cadillac,27
Cadillac,26
Cadillac,26
Cadillac,26
Cadillac,26
Cadillac,26
Lincoln,13
Lincoln,18
Lincoln,15
Lincoln,20
Lincoln,13
Lincoln,20
Lincoln,17
Lincoln,17
Lincoln,24
Lincoln,17
Mercedes,26
BMW,28
BMW,22
BMW,22
Infiniti,21
Infiniti,21
Infiniti,20
Mercedes,26
Mercedes,25
Cadillac,27
Cadillac,26
Cadillac,27
Cadillac,26
Cadillac,27
Cadillac,26
Cadillac,26
Cadillac,26
Cadillac,26
Cadillac,26
Infiniti,23
Infiniti,21
Infiniti,20
Mercedes,26
Infiniti,32
Cadillac,27
Cadillac,27
Cadillac,27
Cadillac,27
Cadillac,27
Infiniti,25
Dodge,32
Dodge,32
Dodge,29
Mercedes,26
Dodge,31
Dodge,31
Dodge,29
Dodge,29
Dodge,31
Dodge,31
BMW,22
BMW,22
BMW,27
BMW,30
Dodge,27
Dodge,24
Dodge,23
BMW,21
Infiniti,25
Infiniti,22
Infiniti,21
Infiniti,20
Dodge,25
Dodge,19
Dodge,25
Infiniti,26
Infiniti,24
Infiniti,25
Infiniti,23
Toyota,27
Toyota,25
Toyota,26
Toyota,25
Infiniti,26
Infiniti,24
Infiniti,24
Infiniti,23
Cadillac,27
Cadillac,27
Cadillac,27
Cadillac,27
Cadillac,27
Cadillac,24
Cadillac,24
Cadillac,22
Ford,15
Ford,18
Ford,15
Ford,13
Ford,15
Ford,18
Ford,15
Ford,13
Ford,20
Ford,13
Ford,15
Ford,18
Ford,20
Ford,13
Ford,15
Ford,20
Dodge,27
Dodge,25
Dodge,27
Mazda,30
Mazda,31
Mazda,31
Mazda,31
Mazda,31
Mazda,27
Mazda,27
GMC,24
GMC,23
GMC,24
GMC,23
GMC,24
GMC,23
GMC,24
GMC,23
GMC,24
GMC,23
Mazda,29
Mazda,29
Mazda,29
Mazda,29
Mazda,30
Mazda,30
Mazda,30
Mazda,25
Mazda,25
Dodge,25
Dodge,23
Dodge,23
Dodge,19
Dodge,23
Dodge,25
Dodge,23
Dodge,23
Dodge,25
Dodge,23
Dodge,22
Dodge,22
Dodge,23
Dodge,23
Ford,20
Ford,13
Ford,13
Ford,13
Ford,20
Ford,13
Ford,20
Ford,13
Ford,13
Ford,13
Ford,13
Ford,17
Ford,13
Ford,17
Ford,13
Ford,17
Ford,20
Ford,17
Ford,13
Ford,17
Mazda,28
Mazda,28
Mazda,28
Mazda,28
Mazda,28
Mazda,28
Mazda,28
Mazda,28
Mazda,28
Mazda,28
Mazda,28
Mazda,28
Mazda,28
Mazda,28
Mazda,28
Mazda,28
Mazda,28
Mazda,28
Mazda,28
Mazda,28
Mazda,28
Mazda,28
Mazda,22
Mazda,23
Mazda,22
Mazda,23
Mazda,22
Infiniti,29
Infiniti,29
Infiniti,27
Mazda,22
Mazda,23
Mazda,22
Mazda,23
Mazda,22
Toyota,29
Toyota,28
Toyota,26
Toyota,25
Toyota,36
Toyota,35
Chevrolet,22
Chevrolet,29
Chevrolet,22
Chevrolet,29
Chevrolet,24
Chevrolet,32
Chevrolet,29
Chevrolet,18
Chevrolet,17
Chevrolet,22
Chevrolet,29
Chevrolet,24
Chevrolet,17
Chevrolet,23
Toyota,36
Toyota,35
Nissan,31
Toyota,36
Toyota,35
Nissan,19
Chevrolet,32
Chevrolet,29
Chevrolet,32
Chevrolet,29
Chevrolet,24
Chevrolet,22
Chevrolet,18
Chevrolet,17
Chevrolet,32
Chevrolet,29
Chevrolet,24
Chevrolet,22
Chevrolet,18
Chevrolet,17
Chevrolet,32
Chevrolet,29
Chevrolet,24
Chevrolet,22
Chevrolet,24
Chevrolet,17
Toyota,36
Toyota,35
Toyota,36
Toyota,35
Ford,27
Ford,27
Ford,27
Ford,27
Ford,26
Ford,26
Ford,26
Ford,26
Ford,25
Ford,25
Ford,25
Ford,25
Nissan,18
Nissan,19
Ford,17
Nissan,18
Nissan,13
Nissan,18
Porsche,25
Porsche,25
Porsche,25
Porsche,24
Porsche,25
Porsche,24
Porsche,25
Porsche,25
Infiniti,25
Infiniti,24
Nissan,13
Nissan,13
Nissan,18
Nissan,18
Mazda,28
Mazda,28
Mazda,26
Mazda,28
Mazda,26
Mazda,28
Mazda,26
Mazda,19
Mazda,17
Nissan,13
Nissan,13
Mazda,28
Mazda,28
Mazda,26
Mazda,28
Mazda,26
Mazda,28
Mazda,26
Mazda,25
Mazda,23
Toyota,36
Toyota,35
Toyota,38
Toyota,35
Toyota,35
Porsche,24
Porsche,25
Porsche,26
Porsche,25
Porsche,26
Porsche,25
Dodge,20
Dodge,22
Dodge,22
Dodge,23
Dodge,20
Dodge,25
Dodge,25
Dodge,25
Dodge,25
Dodge,25
Jeep,20
Jeep,20
Jeep,19
Jeep,19
Jeep,20
Jeep,19
Jeep,29
Jeep,28
GMC,24
GMC,23
GMC,24
GMC,23
GMC,24
GMC,23
GMC,24
GMC,23
GMC,25
GMC,25
GMC,24
GMC,23
GMC,32
GMC,23
GMC,29
GMC,25
GMC,25
GMC,24
GMC,23
GMC,23
GMC,32
GMC,23
GMC,29
GMC,25
GMC,25
GMC,25
GMC,23
GMC,23
GMC,32
GMC,23
GMC,29
GMC,25
GMC,25
GMC,24
GMC,23
GMC,23
GMC,20
GMC,23
GMC,25
GMC,25
GMC,20
GMC,21
GMC,19
GMC,23
GMC,29
GMC,25
GMC,32
GMC,23
GMC,23
GMC,20
GMC,19
GMC,23
GMC,21
GMC,20
GMC,19
GMC,23
Infiniti,25
Infiniti,24
Honda,23
Honda,22
Honda,23
Honda,23
Honda,22
Honda,23
Honda,22
Toyota,35
Toyota,35
Toyota,38
Toyota,35
Toyota,25
Toyota,24
Toyota,22
Toyota,25
Toyota,24
Toyota,22
Toyota,24
Toyota,22
Dodge,25
Dodge,23
Dodge,24
Dodge,24
Dodge,23
Jeep,29
Jeep,28
Jeep,28
Jeep,29
Jeep,28
Jeep,28
Jeep,29
Jeep,28
Dodge,26
Dodge,24
Dodge,24
Dodge,24
Infiniti,25
Infiniti,24
Infiniti,27
Infiniti,27
Infiniti,25
Infiniti,25
BMW,22
Infiniti,27
Infiniti,25
Infiniti,25
BMW,22
BMW,21
BMW,20
BMW,20
BMW,19
BMW,21
BMW,22
Chevrolet,32
Chevrolet,29
Chevrolet,32
Chevrolet,32
Chevrolet,29
Chevrolet,32
Chevrolet,29
Chevrolet,29
BMW,20
BMW,19
BMW,22
BMW,20
BMW,22
BMW,25
BMW,25
Mercedes,20
Dodge,25
Dodge,23
Dodge,23
Dodge,23
Dodge,24
Dodge,24
Dodge,24
BMW,24
BMW,24
Dodge,21
Dodge,21
Dodge,21
Dodge,21
Dodge,21
Dodge,24
Chevrolet,21
BMW,20
BMW,22
BMW,22
BMW,20
Lexus,27
Dodge,22
Dodge,22
Dodge,21
Dodge,21
Dodge,22
Dodge,21
Dodge,21
Dodge,21
Dodge,20
Dodge,20
Chevrolet,20
Chevrolet,18
Chevrolet,17
Infiniti,27
Infiniti,27
Infiniti,25
Infiniti,25
Infiniti,25
GMC,32
GMC,29
GMC,32
GMC,29
GMC,18
GMC,22
GMC,32
GMC,29
GMC,18
GMC,22
GMC,32
GMC,29
GMC,29
GMC,24
Dodge,21
Dodge,21
GMC,16
GMC,21
GMC,18
GMC,16
GMC,16
GMC,18
Porsche,25
Porsche,25
Porsche,24
Porsche,25
Porsche,25
Porsche,25
Porsche,25
GMC,21
GMC,16
GMC,18
GMC,21
GMC,21
GMC,15
Infiniti,27
Infiniti,27
Infiniti,25
Infiniti,25
GMC,21
GMC,21
GMC,16
GMC,15
GMC,21
GMC,21
GMC,16
GMC,15
GMC,18
GMC,18
Infiniti,27
GMC,16
GMC,16
GMC,16
GMC,15
GMC,21
GMC,16
GMC,16
GMC,15
GMC,20
GMC,15
Infiniti,18
Infiniti,17
Infiniti,20
Infiniti,20
Acura,21
Acura,21
Acura,24
Acura,22
Acura,24
Acura,22
BMW,20
Acura,23
Acura,23
BMW,20
Acura,22
Acura,24
Acura,26
Acura,25
Acura,25
BMW,20
BMW,20
Acura,26
Acura,25
Acura,25
BMW,20
BMW,20
Chevrolet,16
Chevrolet,20
Chevrolet,18
Chevrolet,13
Chevrolet,17
Chevrolet,16
Chevrolet,12
Nissan,31
Acura,30
Acura,28
Acura,27
Nissan,31
Acura,31
Acura,29
Acura,28
Acura,30
Chevrolet,20
Chevrolet,13
Chevrolet,13
GMC,23
GMC,23
GMC,23
GMC,23
GMC,22
GMC,22
GMC,22
GMC,22
Porsche,25
Porsche,25
Porsche,24
Porsche,25
Porsche,25
GMC,13
GMC,17
GMC,12
GMC,17
Porsche,26
Porsche,27
Porsche,27
Dodge,22
Dodge,22
Porsche,26
Porsche,27
Porsche,24
Porsche,22
Porsche,22
Porsche,23
Porsche,22
Porsche,19
Porsche,19
Porsche,17
Porsche,18
Porsche,17
Porsche,20
Porsche,19
Porsche,20
Nissan,31
GMC,12
GMC,16
GMC,12
GMC,16
Chevrolet,32
Chevrolet,30
Chevrolet,23
Chevrolet,30
Chevrolet,23
Chevrolet,30
Chevrolet,32
Chevrolet,30
Chevrolet,23
Chevrolet,30
Chevrolet,22
Chevrolet,21
Chevrolet,29
Chevrolet,29
Chevrolet,23
Chevrolet,30
Chevrolet,23
Chevrolet,30
Chevrolet,32
Chevrolet,22
Chevrolet,30
Chevrolet,21
Porsche,26
Porsche,27
Porsche,27
Porsche,26
Porsche,27
Porsche,26
Chevrolet,22
Chevrolet,30
Chevrolet,30
Chevrolet,22
Chevrolet,22
Chevrolet,27
Subaru,24
Subaru,27
Subaru,27
Subaru,27
Subaru,27
Subaru,24
Chevrolet,22
Chevrolet,29
Chevrolet,20
Buick,22
Buick,24
Buick,24
Buick,24
Buick,22
Buick,22
Buick,24
Buick,22
Buick,22
Buick,24
Buick,22
Buick,24
Suzuki,26
Suzuki,25
Suzuki,23
Suzuki,25
Suzuki,23
Buick,30
Buick,27
Buick,26
Buick,30
Buick,30
Buick,25
Buick,27
Buick,26
Buick,26
Suzuki,26
Suzuki,25
Suzuki,23
Suzuki,25
Suzuki,23
Suzuki,25
Suzuki,23
Suzuki,23
Suzuki,23
GMC,16
GMC,12
Honda,27
Honda,27
Honda,27
Honda,28
Honda,28
GMC,16
GMC,16
GMC,20
GMC,13
GMC,13
GMC,12
GMC,12
GMC,14
GMC,16
GMC,12
GMC,20
GMC,12
Subaru,27
Subaru,27
Honda,23
Honda,23
Honda,25
Honda,25
GMC,13
GMC,17
GMC,13
GMC,12
Suzuki,31
Suzuki,29
GMC,20
GMC,18
Suzuki,31
Suzuki,29
Suzuki,29
Saab,29
Saab,29
Saab,27
Saab,27
Saab,27
Saab,29
Saab,29
Saab,27
Suzuki,33
Suzuki,32
Suzuki,33
Suzuki,30
Suzuki,30
Suzuki,30
Suzuki,33
Suzuki,32
Suzuki,33
Saab,28
Saab,28
Saab,31
Saab,27
Saab,27
Saab,31
Saab,29
Saab,29
Subaru,24
Subaru,27
Subaru,26
Subaru,26
Subaru,24
Subaru,27
Subaru,26
Lexus,27
Lexus,25
Lexus,26
Lexus,24
Subaru,34
Subaru,34
Subaru,34
Subaru,34
Buick,20
Buick,20
Buick,23
Buick,20
Buick,26
Buick,26
Buick,26
Buick,20
Buick,26
Buick,26
Buick,26
Buick,22
Buick,26
Buick,21
Buick,30
Aston Martin,17
Aston Martin,20
Saab,28
Saab,27
Saab,27
Saab,29
Saab,28
Saab,31
Grand Cherokee,23
Grand Cherokee,22
Grand Cherokee,23
Grand Cherokee,20
Grand Cherokee,16
Grand Cherokee,19
Grand Cherokee,17
Grand Cherokee,20
Grand Cherokee,16
Grand Cherokee,19
Grand Cherokee,23
Grand Cherokee,20
Grand Cherokee,22
Grand Cherokee,19
Grand Cherokee,23
Grand Cherokee,20
Grand Cherokee,22
Grand Cherokee,19
Grand Cherokee,16
Grand Cherokee,19
Saab,29
Saab,31
Aston Martin,17
Aston Martin,20
Subaru,25
Subaru,25
Subaru,26
Subaru,27
Subaru,26
Subaru,27
Subaru,23
Subaru,27
Subaru,26
Grand Cherokee,21
Grand Cherokee,20
Grand Cherokee,20
Grand Cherokee,19
Grand Cherokee,21
Grand Cherokee,20
Grand Cherokee,20
Grand Cherokee,19
Grand Cherokee,16
Porsche,23
Jeep,22
Jeep,21
Jeep,22
Jeep,21
Jeep,22
Jeep,21
Jeep,22
Jeep,21
Jeep,22
Jeep,21
Jeep,22
Jeep,21
Jeep,21
Land Rover,22
Land Rover,22
Land Rover,22
Land Rover,22
Land Rover,17
Land Rover,17
Land Rover,17
Land Rover,17
Jeep,22
Jeep,21
Jeep,22
Jeep,21
Jeep,21
Land Rover,18
Land Rover,18
Land Rover,18
Land Rover,18
Land Rover,18
Land Rover,28
Land Rover,28
Land Rover,28
Land Rover,28
Land Rover,28
Chrysler,29
Chrysler,21
Chrysler,29
Ferrari,16
Land Rover,18
Land Rover,17
Land Rover,18
Chrysler,29
Chrysler,19
Chrysler,27
Land Rover,18
Land Rover,17
Chrysler,30
Chrysler,30
Land Rover,17
Saab,31
Saab,31
Saab,27
Saab,28
Saab,27
Saab,29
Scion,31
Scion,31
Scion,31
Scion,31
Scion,31
Scion,31
Scion,27
Scion,29
Aston Martin,17
Aston Martin,20
Scion,27
Scion,29
Aston Martin,17
Aston Martin,20
Saab,29
Saab,27
Saab,31
Saab,27
Saab,27
MINI,37
MINI,36
MINI,35
MINI,34
MINI,33
MINI,37
MINI,36
MINI,35
MINI,34
MINI,33
MINI,37
MINI,33
MINI,34
MINI,32
MINI,33
MINI,35
MINI,35
MINI,35
MINI,34
MINI,33
MINI,35
MINI,36
MINI,35
MINI,34
MINI,33
MINI,36
MINI,33
MINI,34
MINI,32
MINI,33
Jaguar,23
Jaguar,22
Jaguar,21
Jaguar,21
Jaguar,21
Jaguar,21
Chevrolet,33
Chevrolet,33
Chevrolet,33
Chevrolet,26
Chevrolet,33
Chevrolet,26
Chrysler,27
MINI,35
MINI,35
MINI,35
MINI,34
MINI,33
Aston Martin,17
Aston Martin,18
MINI,35
MINI,36
MINI,35
MINI,34
MINI,33
MINI,36
MINI,33
MINI,34
MINI,32
MINI,33
Aston Martin,19
Aston Martin,19
Chrysler,30
Chrysler,31
Chrysler,31
Chrysler,21
Jaguar,22
Jaguar,22
Jaguar,24
Jaguar,22
Jaguar,22
Chrysler,27
Chrysler,27
Chrysler,25
Chrysler,23
Jaguar,22
Jaguar,22
Subaru,26
Subaru,27
Subaru,24
Jaguar,22
Jaguar,24
Jaguar,23
Jaguar,23
Jaguar,21
Jaguar,21
Jeep,29
Jeep,28
Jeep,28
Jeep,29
Jeep,28
Jeep,28
Jeep,28
Jeep,28
Jeep,28
Jeep,28
Chrysler,26
Chrysler Group LLC,23
Chrysler Group LLC,25
Chrysler Group LLC,25
Chrysler Group LLC,23
Chrysler,25
Chrysler,23
Chrysler Group LLC,25
Chrysler,25
Chrysler Group LLC,19
Chrysler,25
Chrysler,25
Chrysler,25
Chrysler,23
Chrysler,25
Chrysler,23
Chrysler,23
Jaguar,25
Jaguar,23
Jaguar,21
Jaguar,21
Jeep,29
Jeep,28
Jeep,28
Jeep,29
Jeep,28
Jeep,28
Jeep,28
Jeep,28
Lotus,27
Lotus,26
Lotus,26
Lotus,27
Lotus,26
Chevrolet,33
Chevrolet,33
Chevrolet,33
Chevrolet,26
Chevrolet,33
Chevrolet,26
Lotus,27
MINI,35
MINI,30
MINI,32
MINI,32
MINI,31
MINI,30
MINI,35
MINI,30
MINI,32
MINI,32
MINI,31
MINI,30
Chevrolet,30
Chevrolet,30
Chevrolet,33
Chevrolet,33
Chevrolet,26
Chevrolet,33
Chevrolet,26
Lotus,26
Lotus,26
Lotus,26
Lotus,26
Lotus,27
Chevrolet,35
Chevrolet,35
Chevrolet,35
Chevrolet,35
Chevrolet,35
Chevrolet,35
Chevrolet,34
Maserati,20
Maserati,20
Maserati,19
Maserati,19
Maserati,20
Maserati,19
Maserati,20
Maserati,19
Maserati,19
Jeep,19
Jeep,19
Jeep,19
Jeep,19
Jeep,19
Jeep,19
Jeep,19
Jeep,19
Jeep,19
Jeep,19
Jeep,19
Jeep,19
Jeep,19
Jeep,19
Jeep,19
Jeep,19
Jeep,19
Jeep,19
Jeep,19
Jeep,19
Jeep,19
Jeep,19
Jeep,19
Jeep,19
Jeep,19
Jeep,19
Jeep,19
Jeep,19
Jeep,19
Jeep,19
Jeep,19
Jeep,20
Jeep,19
Jeep,19
Jeep,20
Jeep,19
Jeep,19
Jeep,19
Jeep,19
Jeep,19
GMC,25
GMC,24
GMC,23
GMC,23
GMC,23
Maserati,20
Maserati,19
Maserati,19
Honda,20
Honda,20
Honda,20
Honda,20
Honda,20
Honda,20
MINI,37
MINI,36
MINI,35
MINI,34
MINI,33
Mercury,17
Mercury,17
Mercury,28
Mercury,26
Mercury,19
Mercury,23
Mercury,28
Mercury,26
Mercury,19
Mercury,17
Chrysler,24
Chrysler,25
BMW,17
BMW,17
BMW,24
BMW,24
Toyota,35
Toyota,35
Toyota,35
Toyota,30
Toyota,35
Toyota,30
BMW,25
BMW,26
Toyota,20
Toyota,18
Toyota,20
Chevrolet,35
Chevrolet,35
Chevrolet,35
Chevrolet,40
Chevrolet,35
Chevrolet,35
Chevrolet,40
Chevrolet,35
BMW,21
BMW,26
BMW,19
Chevrolet,21
Chevrolet,16
Chevrolet,16
Chevrolet,21
Chevrolet,21
Chevrolet,21
BMW,26
BMW,20
BMW,23
BMW,23
BMW,23
Chevrolet,16
Chevrolet,15
Chevrolet,16
Chevrolet,15
Chevrolet,21
Chevrolet,21
Chevrolet,21
GMC,25
GMC,25
GMC,24
GMC,23
GMC,23
GMC,23
GMC,25
GMC,25
GMC,24
GMC,23
GMC,23
GMC,23
Subaru,26
Subaru,27
Subaru,23
Subaru,27
Subaru,26
Subaru,25
GMC,25
GMC,25
GMC,24
GMC,23
GMC,23
GMC,20
GMC,23
GMC,19
Subaru,24
Subaru,26
Subaru,23
Subaru,26
Subaru,27
Subaru,27
Subaru,23
Subaru,25
GMC,23
GMC,23
GMC,20
GMC,19
GMC,25
GMC,23
GMC,20
GMC,21
GMC,19
GMC,23
GMC,21
GMC,20
GMC,19
Dodge,20
Dodge,13
Dodge,20
Dodge,18
Dodge,19
Dodge,19
Dodge,18
Dodge,20
Dodge,19
Dodge,20
Dodge,13
Dodge,20
Dodge,18
Dodge,19
Dodge,19
Dodge,20
Dodge,12
Dodge,19
Dodge,20
Dodge,19
Dodge,13
Dodge,19
Dodge,19
Dodge,20
Dodge,12
Dodge,19
Dodge,19
Dodge,20
Dodge,12
Dodge,19
Dodge,20
Dodge,19
Dodge,20
Dodge,19
Dodge,20
Dodge,19
GMC,20
GMC,19
GMC,16
GMC,18
GMC,13
GMC,16
GMC,19
GMC,16
GMC,18
GMC,16
Dodge,20
Dodge,19
Chevrolet,21
Chevrolet,16
Chevrolet,16
Chevrolet,16
Chevrolet,21
Chevrolet,21
BMW,18
BMW,21
Chevrolet,21
Chevrolet,21
Chevrolet,21
Chevrolet,21
Chevrolet,21
Chevrolet,21
BMW,23
BMW,20
Chevrolet,23
Chevrolet,23
Chevrolet,22
Chevrolet,22
BMW,28
BMW,25
Chevrolet,24
Chevrolet,23
Chevrolet,24
Chevrolet,23
Chevrolet,24
Chevrolet,23
Chevrolet,24
Chevrolet,23
BMW,28
BMW,26
BMW,28
Cadillac,18
Cadillac,13
Cadillac,18
Cadillac,20
Cadillac,15
Cadillac,15
Saab,25
Saab,22
Saab,25
Saab,23
Saab,23
GMC,20
GMC,14
GMC,21
GMC,18
GMC,18
GMC,16
GMC,19
GMC,21
GMC,18
GMC,16
Aston Martin,19
Aston Martin,17
Aston Martin,17
Saab,21
Saab,33
Saab,27
Saab,27
Saab,33
Saab,28
Saab,27
Mercury,28
Mercury,26
Mercury,19
Mercury,17
Mercury,28
Mercury,26
Mercury,25
Mercury,17
Chevrolet,24
Chevrolet,23
Chevrolet,24
Chevrolet,23
Chevrolet,24
Chevrolet,23
Chevrolet,24
Chevrolet,23
Chevrolet,24
Chevrolet,23
Chevrolet,24
Chevrolet,23
Chevrolet,24
Chevrolet,23
Chevrolet,24
Chevrolet,23
Mercury,29
Mercury,33
Mercury,33
Mercury,21
Mercury,19
Mercury,29
Mercury,31
Mercury,31
Mercury,27
Mercury,25
Lexus,25
Lexus,24
Lexus,26
Aston Martin,19
Aston Martin,19
Aston Martin,19
Aston Martin,19
Aston Martin,19
Aston Martin,19
GMC,20
GMC,14
GMC,16
GMC,18
GMC,16
GMC,19
GMC,18
GMC,14
GMC,16
GMC,18
GMC,13
GMC,21
GMC,13
GMC,16
GMC,13
GMC,16
GMC,18
Chevrolet,21
Chevrolet,21
Chevrolet,21
Chevrolet,21
Chevrolet,21
Chevrolet,21
Chevrolet,16
Chevrolet,21
Chevrolet,21
Chevrolet,21
Chevrolet,16
Chevrolet,16
Subaru,26
Subaru,27
GMC,16
GMC,16
GMC,16
GMC,16
GMC,16
GMC,16
Subaru,26
Subaru,27
Subaru,25
Subaru,25
Subaru,27
Subaru,27
GMC,14
GMC,21
GMC,13
GMC,16
GMC,19
GMC,13
GMC,14
GMC,16
GMC,18
GMC,13
GMC,21
GMC,18
GMC,22
GMC,21
GMC,13
GMC,16
GMC,18
GMC,13
GMC,18
GMC,20
GMC,14
GMC,16
GMC,18
GMC,18
GMC,21
GMC,14
GMC,21
GMC,13
GMC,21
Dodge,20
Dodge,13
Dodge,20
Dodge,18
Dodge,18
Dodge,19
Dodge,12
Dodge,20
Dodge,19
Dodge,20
Dodge,12
Dodge,18
Dodge,13
Dodge,20
Dodge,12
Dodge,18
Dodge,20
Dodge,18
Dodge,13
Dodge,20
Dodge,12
Dodge,18
Dodge,13
Dodge,20
Dodge,18
Dodge,20
Dodge,18
Dodge,12
Lexus,26
Lexus,29
Lexus,26
Lexus,25
Lexus,25
Dodge,20
Dodge,18
Toyota,25
Toyota,25
Toyota,20
Toyota,21
Toyota,25
Toyota,25
Toyota,25
Toyota,21
Toyota,20
Toyota,21
Toyota,18
Toyota,20
Toyota,25
Toyota,25
Toyota,21
Toyota,21
Toyota,18
Toyota,20
Toyota,20
Toyota,19
Lexus,27
Lexus,30
Lexus,27
Lexus,27
Toyota,26
Toyota,25
Toyota,22
Toyota,26
Toyota,26
Toyota,25
Toyota,26
Toyota,18
Toyota,21
Toyota,22
Toyota,18
Toyota,20
Toyota,18
Toyota,20
Toyota,20
Toyota,21
Toyota,21
Toyota,18
GMC,21
GMC,18
GMC,18
GMC,21
GMC,14
GMC,21
GMC,13
GMC,21
Chevrolet,25
Chevrolet,23
Chevrolet,25
Chevrolet,23
Chevrolet,24
Chevrolet,23
Chevrolet,23
Chevrolet,23
Chevrolet,23
Chevrolet,23
Chevrolet,23
Chevrolet,20
Chevrolet,20
Chevrolet,21
Chevrolet,21
Chevrolet,19
GMC,20
GMC,14
GMC,16
GMC,13
GMC,21
GMC,19
GMC,13
GMC,19
GMC,21
GMC,19
GMC,18
GMC,16
GMC,19
GMC,16
GMC,14
GMC,16
GMC,19
Chevrolet,25
Chevrolet,23
Chevrolet,25
Chevrolet,23
Chevrolet,23
Chevrolet,20
Chevrolet,20
Chevrolet,24
Chevrolet,23
Chevrolet,23
Chevrolet,23
Chevrolet,23
Chevrolet,23
Chevrolet,19
GMC,16
GMC,21
GMC,16
GMC,21
GMC,16
GMC,16
Chevrolet,25
Chevrolet,23
Chevrolet,25
Chevrolet,25
Chevrolet,23
Chevrolet,24
Chevrolet,23
Chevrolet,23
Chevrolet,24
Chevrolet,23
Chevrolet,23
Chevrolet,23
Chevrolet,20
Chevrolet,23
Chevrolet,20
Chevrolet,20
Chevrolet,21
Chevrolet,19
Chevrolet,21
Chevrolet,19
Chevrolet,25
Chevrolet,23
Chevrolet,25
Chevrolet,25
Chevrolet,23
Chevrolet,20
Chevrolet,23
Chevrolet,20
Chevrolet,20
Chevrolet,24
Chevrolet,23
Chevrolet,23
Chevrolet,24
Chevrolet,23
Chevrolet,23
Chevrolet,19
Chevrolet,23
Chevrolet,19
GMC,14
GMC,21
GMC,13
GMC,16
GMC,19
GMC,18
GMC,19
GMC,21
GMC,14
GMC,13
GMC,16
GMC,13
GMC,16
GMC,21
GMC,14
GMC,16
GMC,19
GMC,14
GMC,13
Scion,28
Scion,28
Scion,28
Scion,28
Scion,28
Scion,28
Scion,28
Scion,28
Scion,28
Scion,28
Scion,33
Scion,33
Scion,33
Scion,33
Aston Martin,18
Scion,33
Scion,33
Aston Martin,18
Toyota,20
Toyota,20
Toyota,17
Toyota,17
Toyota,20
Toyota,18
Toyota,17
Toyota,17
Toyota,20
Toyota,20
Toyota,19
Toyota,18
Toyota,17
Toyota,17
Toyota,18
Toyota,17
Toyota,20
Toyota,19
Toyota,17
Toyota,17
Toyota,20
Toyota,19
Toyota,18
Toyota,17
Toyota,17
Toyota,18
Lexus,26
Lexus,25
Lexus,29
Lexus,27
Lexus,30
Lexus,27
Jaguar,23
Jaguar,22
Jaguar,21
Jaguar,21
Jaguar,21
Jaguar,21
Toyota,17
Toyota,17
Subaru,27
Subaru,25
Subaru,25
Subaru,27
Aston Martin,18
Aston Martin,18
Suzuki,20
Suzuki,19
Suzuki,19
Suzuki,23
Suzuki,22
Suzuki,20
Chevrolet,25
Chevrolet,23
Chevrolet,25
Chevrolet,25
Chevrolet,23
Chevrolet,24
Chevrolet,23
Chevrolet,23
Chevrolet,24
Chevrolet,23
Chevrolet,23
Chevrolet,23
Chevrolet,20
Chevrolet,23
Chevrolet,20
Chevrolet,20
Chevrolet,21
Chevrolet,19
Chevrolet,21
Chevrolet,19
Chevrolet,24
Chevrolet,23
Chevrolet,26
Chevrolet,24
Chevrolet,23
Chevrolet,20
Chevrolet,23
Chevrolet,20
Chevrolet,20
Chevrolet,24
Chevrolet,23
Chevrolet,22
Chevrolet,24
Chevrolet,23
Chevrolet,22
Chevrolet,24
Chevrolet,22
Chevrolet,19
Nissan,23
Subaru,27
Subaru,25
Subaru,27
Nissan,23
Nissan,20
Nissan,19
Nissan,20
Nissan,20
Nissan,20
Nissan,20
Nissan,20
Nissan,19
Nissan,20
Nissan,19
Nissan,19
Nissan,20
Nissan,20
Nissan,19
Nissan,22
Nissan,20
Nissan,20
Nissan,19
Nissan,20
Nissan,20
Nissan,19
Nissan,20
Nissan,20
Nissan,22
Nissan,19
Nissan,20
Suzuki,20
Suzuki,20
Suzuki,19
Suzuki,19
Suzuki,23
Suzuki,23
Suzuki,23
Suzuki,20
Suzuki,19
Subaru,25
Subaru,27
Subaru,27
Chevrolet,223
Chevrolet,23
Chevrolet,23
Chevrolet,23
Chevrolet,22
Chevrolet,22
Chevrolet,22
Chevrolet,22
Chevrolet,22
Chevrolet,22
Chevrolet,20
Chevrolet,20
Suzuki,24
Ford,27
Ford,24
Ford,27
Ford,24
Ford,27
Ford,24
Ford,27
Ford,24
Ford,21
Ford,20
Ford,27
Ford,24
Ford,19
Ford,18
Ford,21
Ford,20
Ford,21
Ford,20
Ford,19
Ford,18
Chevrolet,19
Chevrolet,21
Chevrolet,14
Chevrolet,16
Chevrolet,18
Chevrolet,13
Chevrolet,21
Chevrolet,18
Chevrolet,16
Chevrolet,20
Chevrolet,14
Chevrolet,16
Chevrolet,19
Chevrolet,21
Chevrolet,18
Chevrolet,18
Chevrolet,16
Chevrolet,13
Chevrolet,16
Lexus,23
Lexus,23
Nissan,20
Nissan,20
Nissan,22
Nissan,19
Nissan,23
Nissan,19
Nissan,20
Nissan,20
Nissan,23
Nissan,19
Nissan,19
Nissan,19
Nissan,22
Buick,32
Lexus,18
Lexus,18
Ford,27
Ford,24
Ford,27
Ford,24
Ford,27
Ford,24
Ford,27
Ford,24
Ford,21
Ford,21
Ford,21
Ford,21
Ford,19
Ford,18
Ford,21
Ford,21
Ford,21
Ford,21
Ford,19
Ford,18
Ford,16
Ford,16
Ford,12
Ford,16
Ford,12
Ford,12
Ford,16
Ford,15
Ford,12
Ford,12
Buick,24
Buick,24
Buick,22
Buick,22
Buick,22
Buick,24
Buick,24
Buick,22
Ford,11
Ford,13
Ford,15
Ford,13
Ford,15
Ford,13
Ford,15
Ford,13
Ford,15
Ford,13
Ford,15
Ford,13
Ford,15
Ford,13
Ford,11
Ford,13
Buick,36
Buick,36
Buick,27
Buick,18
Buick,27
Buick,36
Buick,27
Buick,36
Buick,27
Buick,19
Buick,26
Buick,18
Buick,19
Dodge,20
Dodge,18
Dodge,20
Dodge,13
Dodge,18
Dodge,13
Dodge,20
Dodge,13
Dodge,18
Dodge,19
Dodge,20
Dodge,19
Dodge,18
Dodge,13
Nissan,20
Nissan,20
Nissan,20
Nissan,20
Nissan,19
Nissan,19
Nissan,19
Nissan,19
Nissan,20
Nissan,19
Nissan,20
Nissan,20
Nissan,19
Nissan,19
Buick,29
Buick,22
Buick,29
Buick,32
Buick,31
Buick,32
Buick,22
Buick,29
Buick,32
Buick,27
Subaru,25
Subaru,23
Subaru,25
Ford,17
Ford,12
Ford,12
Ford,16
Ford,17
Ford,12
Toyota,19
Toyota,20
Toyota,19
Toyota,18
Toyota,17
Toyota,17
Toyota,19
Toyota,20
Toyota,19
Toyota,18
Toyota,17
Toyota,17
Toyota,19
Toyota,20
Toyota,19
Toyota,18
Toyota,17
Toyota,17
Toyota,20
Toyota,19
Toyota,18
Toyota,17
Toyota,13
Toyota,20
Toyota,19
Toyota,18
Toyota,17
Toyota,13
Toyota,20
Toyota,19
Toyota,18
Toyota,17
Toyota,13
Toyota,20
Toyota,19
Toyota,18
Toyota,17
Toyota,17
Ford,17
Ford,12
Ford,12
Ford,12
Ford,17
Ford,12
Subaru,25
Subaru,25
Nissan,18
Nissan,17
Nissan,18
Nissan,17
Nissan,17
Nissan,18
Nissan,17
Nissan,18
Nissan,18
Nissan,17
Nissan,17
Nissan,17
Nissan,18
Nissan,17
Nissan,18
Nissan,17
Dodge,20
Dodge,18
Dodge,20
Dodge,19
Dodge,18
Dodge,14
Dodge,20
Dodge,19
Dodge,18
Dodge,12
Dodge,20
Dodge,19
Dodge,18
Dodge,19
Subaru,25
Subaru,25
Subaru,25
Subaru,25
Chevrolet,21
Chevrolet,19
Chevrolet,14
Chevrolet,18
Chevrolet,16
Chevrolet,16
Chevrolet,13
Chevrolet,18
Chevrolet,21
Chevrolet,18
Chevrolet,13
Chevrolet,18
Chevrolet,21
Chevrolet,13
Subaru,25
Subaru,25
Chevrolet,14
Chevrolet,16
Chevrolet,19
Chevrolet,14
Chevrolet,13
Chevrolet,21
Chevrolet,13
Chevrolet,13
Chevrolet,16
Chevrolet,13
Chevrolet,13
Chevrolet,13
Chevrolet,21
Chevrolet,18
Chevrolet,16
Chevrolet,21
Chevrolet,21
Chevrolet,16
Chevrolet,21
Chevrolet,21
Nissan,18
Nissan,13
Nissan,13
Nissan,18
Nissan,17
Nissan,18
Nissan,18
Nissan,17
Nissan,17
Nissan,17
Nissan,18
Nissan,17
Chevrolet,19
Chevrolet,16
Chevrolet,14
Chevrolet,16
Chevrolet,18
Chevrolet,18
Chevrolet,16
Chevrolet,13
Chevrolet,16
Chevrolet,20
Chevrolet,19
Chevrolet,16
Chevrolet,19
Chevrolet,16
Chevrolet,18
Chevrolet,13
Chevrolet,21
Chevrolet,13
Chevrolet,16
Ford,17
Ford,16
Ford,17
Ford,16
Ford,12
Ford,16
Ford,12
Ford,16
Chevrolet,16
Chevrolet,19
Chevrolet,19
Chevrolet,21
Chevrolet,19
Chevrolet,22
Chevrolet,21
Chevrolet,19
Chevrolet,13
Chevrolet,21
Chevrolet,13
Chevrolet,13
Chevrolet,21
Chevrolet,19
Chevrolet,16
Chevrolet,19
Ford,17
Ford,12
Ford,17
Ford,12
Ford,17
Ford,12
Ford,12
Ford,12
Chevrolet,14
Chevrolet,16
Chevrolet,19
Chevrolet,19
Chevrolet,16
Chevrolet,19
Chevrolet,21
Chevrolet,19
Chevrolet,13
Chevrolet,21
Chevrolet,18
Chevrolet,13
Chevrolet,21
Chevrolet,13
Chevrolet,21
Chevrolet,19
Chevrolet,16
Chevrolet,21
Chevrolet,21
Chevrolet,21
Chevrolet,16
Chevrolet,21
Ford,16
Ford,14
Ford,12
Ford,14
Ford,16
Ford,14
Ford,16
Ford,14
Ford,15
Ford,14
Ford,12
Ford,14
Ford,12
Ford,14
Ford,12
Ford,14
Nissan,18
Nissan,18
Nissan,17
Nissan,17
Nissan,18
Nissan,13
Nissan,17
Nissan,12
Nissan,17
Nissan,17
Nissan,18
Nissan,13
Nissan,17
Nissan,17
Nissan,18
Nissan,18
Nissan,18
Nissan,13
Nissan,17
Nissan,12
Nissan,17
Nissan,12
Nissan,17
Nissan,17
Nissan,12
Nissan,13
Nissan,17
Nissan,17
Subaru,25
Subaru,25
Subaru,25
Subaru,25
Subaru,25
Subaru,25
Subaru,25
Nissan,18
Nissan,17
Nissan,18
Nissan,17
Nissan,17
Nissan,18
Nissan,17
Nissan,18
Nissan,18
Nissan,17
Nissan,17
Nissan,17
Nissan,18
Nissan,17
Dodge,20
Dodge,19
Dodge,20
Dodge,13
Dodge,20
Dodge,12
Dodge,19
Dodge,19
Dodge,18
Dodge,19
Dodge,20
Dodge,19
Dodge,20
Dodge,13
Dodge,20
Dodge,19
Dodge,18
Dodge,19
Dodge,18
Dodge,19
Dodge,20
Dodge,20
Dodge,13
Dodge,20
Dodge,19
Dodge,19
Dodge,18
Dodge,19
Dodge,18
Ford,21
Ford,22
Ford,15
Ford,22
Ford,15
Ford,22
Ford,19
Ford,21
Ford,19
Ford,21
Ford,19
Ford,21
Ford,21
Ford,22
Ford,19
Ford,21
Ford,21
Ford,22
Ford,19
Ford,21
Ford,15
Ford,14
Ford,14
Ford,21
Ford,21
Ford,22
Ford,18
Ford,14
Ford,21
Ford,16
Ford,15
Ford,15
Ford,22
Ford,21
Ford,15
Ford,22
Ford,18
Ford,14
Ford,21
Ford,16
Ford,21
Ford,22
Ford,19
Ford,21
Ford,17
Ford,21
Ford,21
Ford,14
Ford,17
Ford,21
Ford,21
Ford,14
Ford,16
Ford,16
Ford,23
Ford,21
Ford,21
Ford,14
Ford,23
Ford,21
Ford,22
Ford,21
Ford,14
Ford,21
Ford,17
Ford,21
Ford,22
Ford,21
Ford,19
Ford,17
Ford,15
Ford,21
Ford,22
Ford,21
Ford,14
Ford,21
Ford,17
Ford,23
Ford,14
Ford,21
Ford,21
Ford,19
Ford,23
Ford,15
Ford,21
Ford,14
Ford,17
Ford,15
Ford,22
Ford,19
Ford,14
Ford,21
Ford,17
Ford,15
Ford,22
Ford,21
Ford,14
Ford,21
Ford,17
Ford,21
Ford,22
Ford,19
Ford,21
Ford,23
Ford,15
Ford,22
Ford,14
Ford,21
Ford,21
Ford,22
Ford,19
Ford,21
Ford,18
Ford,16
Ford,18
Ford,18
Ford,13
Ford,13
Ford,14
Ford,18
Ford,14
Ford,13
Ford,20
Ford,13
Ford,19
Ford,18
Ford,20
Ford,19
Ford,21
Ford,18
Ford,20
Ford,18
Ford,19
Ford,18
Ford,19
Ford,21
Ford,14
Ford,18
Ford,20
Ford,18
Ford,19
Ford,21
Ford,20
Ford,18
Ford,20
Ford,13
Ford,19
Ford,21
Ford,18
Ford,19
Ford,20
Ford,18
Ford,19
Ford,21
Ford,20
Ford,19
Ford,21
Ford,20
Ford,19
Ford,18
Ford,18
Ford,13
Ford,19
Ford,21
Ford,20
Ford,18
Ford,20
Ford,18
Ford,21
Ford,20
Ford,19
Ford,13
Ford,21
Ford,20
Ford,20
Ford,18
Ford,21
Ford,14
Ford,20
Ford,13
Ford,21
Ford,14
Ford,20
Ford,18
GMC,23
GMC,23
GMC,23
GMC,23
GMC,22
GMC,22
GMC,22
GMC,22
Ford,16
Aston Martin,17
BMW,32
BMW,29
BMW,24
Mercedes,26
Mercedes,26
Dodge,20
Dodge,13
Dodge,20
Dodge,18
Dodge,19
Dodge,13
Dodge,20
Dodge,18
Dodge,19
Dodge,20
Dodge,19
Dodge,18
BMW Motorrad,28
BMW Motorrad,27
BMW,28
BMW Motorrad,28
BMW Motorrad,28
BMW,28
BMW,25
BMW Motorrad,26
BMW Motorrad,27
BMW Motorrad,25
BMW Motorrad,25
Ford,36
Ford,38
Ford,37
Ford,37
Nissan,25
Nissan,25
Nissan,25
Nissan,26
Nissan,26
Nissan,26
Nissan,26
Nissan,26
Nissan,31
Nissan,31
Hyundai,40
Hyundai,23
Hyundai,23
Hyundai,26
Hyundai,26
Hyundai,28
Hyundai,26
Hyundai,26
Hyundai,26
Hyundai,28
Hyundai,26
Hyundai,25
Ford,14
Ford,20
Ford,20
Ford,14
Ford,20
Ford,14
Ford,14
Ford,14
Ford,13
Ford,18
Ford,13
Ford,18
Ford,13
Ford,13
Ford,13
Ford,18
Nissan,22
Nissan,20
Nissan,22
Nissan,20
Nissan,20
Nissan,20
Nissan,20
Nissan,22
Nissan,20
Nissan,22
Nissan,20
Nissan,22
Nissan,20
Nissan,22
Nissan,20
Nissan,18
Hyundai,22
Hyundai,21
Hyundai,21
Hyundai,22
Infiniti,29
Infiniti,29
Infiniti,27
Infiniti,27
Infiniti,25
Infiniti,25
Infiniti,27
Infiniti,27
Infiniti,25
Infiniti,25
Volvo,29
Volvo,29
Jeep,28
Jeep,29
Nissan,19
Nissan,19
Nissan,18
Nissan,18
Nissan,19
Nissan,13
Nissan,18
Nissan,18
Nissan,19
Nissan,19
Nissan,18
Nissan,18
Lexus,30
Lexus,27
Lexus,28
Lexus,27
Lexus,26
Lexus,27
Lexus,28
Lexus,30
Lexus,23
Lexus,28
Lexus,24
Lexus,23
Lexus,24
Lexus,23
Toyota,24
Toyota,25
Toyota,24
Toyota,25
Toyota,23
Toyota,25
Toyota,25
Toyota,25
Toyota,23
Toyota,25
Toyota,25
Toyota,23
Audi,29
Audi,28
Audi,28
Audi,21
Audi,25
Honda,34
Honda,34
Honda,34
Honda,34
Honda,34
Honda,34
Honda,30
Honda,34
Honda,30
Honda,32
Honda,33
Lexus,24
Lexus,25
Honda,32
Honda,33
Honda,33
Honda,26
Honda,29
Infiniti,25
Infiniti,24
Infiniti,27
Infiniti,25
Lexus,16
Infiniti,24
Infiniti,24
Infiniti,24
Infiniti,24
Infiniti,23
Infiniti,21
Infiniti,20
Infiniti,20
Infiniti,20
Dodge,17
Dodge,17
Dodge,23
Dodge,20
Dodge,23
Dodge,20
Dodge,20
Dodge,20
Dodge,17
Dodge,20
Dodge,23
Dodge,20
Grand Cherokee,18
Grand Cherokee,23
Grand Cherokee,23
Grand Cherokee,17
Grand Cherokee,23
Grand Cherokee,23
Grand Cherokee,23
Grand Cherokee,23
Grand Cherokee,17
Toyota,23
Toyota,22
Toyota,22
Toyota,23
Toyota,22
Mazda,35
Mazda,35
Mazda,34
Mazda,34
Toyota,20
Toyota,18
Toyota,18
Toyota,17
Toyota,17
Toyota,18
Toyota,17
Toyota,17
Mazda,33
Mazda,33
Mazda,33
Mazda,39
Mazda,40
Mazda,40
Mazda,28
Mazda,29
Dodge,25
Dodge,23
Volkswagen,26
Volkswagen,27
Volkswagen,27
Volkswagen,27
Volkswagen,27
Volkswagen,27
Volkswagen,27
Dodge,27
Dodge,23
Dodge,25
Dodge,23
Dodge,23
Dodge,30
Dodge,31
Dodge,21
Dodge,21
Dodge,32
Dodge,32
Volkswagen,34
Volkswagen,29
Volkswagen,33
Volkswagen,31
Volkswagen,33
Volkswagen,31
Volkswagen,42
Volkswagen,33
Volkswagen,31
Volkswagen,33
Volkswagen,31
Volkswagen,31
Volkswagen,42
Volkswagen,31
Volkswagen,31
Volkswagen,25
Mazda,38
Mazda,39
Mazda,39
Mazda,28
Mazda,29
Mazda,25
Dodge,25
Dodge,18
Dodge,18
Dodge,18
Dodge,25
Mazda,28
Mazda,28
Mazda,28
Mazda,28
Mazda,28
Mazda,28
Dodge,26
Dodge,26
Dodge,18
Dodge,24
Dodge,18
Dodge,24
Dodge,25
Dodge,24
Mazda,24
Mazda,22
Mazda,24
Mazda,22
Mazda,24
Mazda,22
Kia,34
Kia,36
Kia,36
Kia,32
Kia,33
Kia,34
Kia,32
Kia,31
Kia,36
Kia,32
Honda,39
Honda,36
Honda,36
Honda,39
Kia,35
Kia,35
Kia,35
Kia,34
Kia,34
Kia,40
Kia,40
Kia,40
Kia,40
Kia,35
Kia,35
Kia,34
Kia,34
Kia,34
Volkswagen,32
Volkswagen,32
Volkswagen,31
Volkswagen,31
Volkswagen,31
Volkswagen,43
Volkswagen,23
Volkswagen,23
Volkswagen,23
Volkswagen,28
Volkswagen,28
Volkswagen,28
Volkswagen,24
GMC,24
GMC,24
GMC,24
GMC,24
GMC,23
GMC,23
GMC,23
GMC,23
GMC,24
GMC,23
GMC,32
GMC,29
GMC,32
GMC,29
GMC,32
GMC,29
GMC,32
GMC,29
GMC,18
GMC,17
GMC,18
GMC,23
GMC,18
GMC,17
GMC,21
GMC,21
GMC,16
GMC,16
GMC,21
GMC,21
GMC,21
GMC,21
GMC,16
GMC,15
GMC,15
Honda,39
Honda,39
Honda,31
Grand Cherokee,20
Honda,41
Grand Cherokee,20
GMC,23
GMC,23
Grand Cherokee,17
Grand Cherokee,23
Grand Cherokee,20
Volvo,30
Volvo,30
Volvo,28
GMC,13
GMC,17
GMC,17
GMC,17
GMC,17
GMC,16
GMC,12
GMC,11
GMC,12
GMC,11
GMC,12
GMC,11
Honda,36
Honda,39
Honda,36
Honda,39
Honda,36
Honda,39
Honda,39
Honda,31
Volkswagen,33
Volkswagen,31
Volkswagen,42
Volkswagen,31
Volkswagen,42
Volkswagen,27
Jeep,28
Cadillac,27
Cadillac,27
Cadillac,27
Cadillac,27
Cadillac,27
Cadillac,27
Jaguar,26
Jaguar,26
Jaguar,21
Jaguar,21
Jaguar,26
Jaguar,22
Jaguar,21
Jaguar,21
Jaguar,21
Jaguar,21
Cadillac,26
Cadillac,27
Cadillac,26
Cadillac,26
Cadillac,27
Cadillac,27
Cadillac,27
Cadillac,27
Cadillac,27
Cadillac,26
Grand Cherokee,20
Jaguar,22
Jaguar,24
Jaguar,22
Jaguar,22
Jaguar,22
Jeep,21
Jeep,21
Jeep,22
Jeep,21
Jeep,21
Jeep,22
Jeep,22
Cadillac,27
Cadillac,26
Cadillac,27
Cadillac,26
Cadillac,26
Cadillac,26
Cadillac,26
Cadillac,26
Honda,27
Cadillac,19
Cadillac,18
Volvo,23
Volvo,23
Honda,27
Volvo,24
Cadillac,19
Cadillac,18
Volvo,24
Honda,26
Volkswagen,27
Volkswagen,25
Volkswagen,18
Volkswagen,25
Volkswagen,25
Volkswagen,31
Volkswagen,31
Grand Cherokee,20
Grand Cherokee,20
Grand Cherokee,20
Grand Cherokee,20
Volvo,29
Volvo,29
Volvo,29
Volvo,29
Volvo,30
Volvo,30
Volvo,30
Volvo,30
Volvo,28
Volvo,28
Volvo,25
Volvo,25
Volvo,25
Volvo,23
Volvo,23
Volvo,23
Volvo,23
Volkswagen,31
Volkswagen,31
Jeep,28
Jeep,28
Jeep,29
Jeep,28
Jeep,29
Volkswagen,31
Volkswagen,29
Volkswagen,30
Cadillac,19
Cadillac,18
Jeep,21
Jeep,21
Jeep,21
Jeep,21
Jeep,21
Jeep,21
Jeep,21
Jeep,21
Jeep,21
Jeep,21
Cadillac,18
Cadillac,24
Cadillac,17
Cadillac,24
Cadillac,23
Cadillac,18
Cadillac,23
GMC,20
GMC,18
GMC,17
Jeep,21
Jeep,21
Volvo,25
Volvo,23
Volvo,25
Volvo,25
Volvo,23
BMW Motorrad,28
BMW Motorrad,28
BMW Motorrad,25
BMW Motorrad,25
BMW,28
BMW,28
BMW,26
BMW,24
BMW,27
BMW,27
BMW,20
BMW,20
Volvo,23
Volvo,23
Volvo,23
Volvo,23
Volvo,24
Volvo,24
Volvo,24
Volvo,24
Volvo,24
Volvo,24
Land Rover,17
Land Rover,17
Land Rover,17
Cadillac,18
Cadillac,14
Cadillac,15
Cadillac,14
Cadillac,18
Cadillac,18
Cadillac,18
Cadillac,18
Cadillac,23
Cadillac,23
Cadillac,23
Cadillac,23
Cadillac,18
Cadillac,18
Cadillac,18
Cadillac,18
Cadillac,15
Cadillac,13
Cadillac,18
Cadillac,13
Land Rover,18
Land Rover,18
Land Rover,18
Land Rover,18
BMW Motorrad,26
BMW Motorrad,27
BMW,28
BMW,28
BMW,26
BMW,24
BMW,20
BMW,20
Land Rover,18
Land Rover,17
Land Rover,18
Land Rover,17
Volvo,23
Volvo,23
BMW,34
BMW,32
BMW,32
BMW,29
BMW,31
BMW,30
BMW,22
BMW,23
BMW,20
Volvo,23
Volvo,23
Aston Martin,20
Aston Martin,20
Aston Martin,20
Aston Martin,17
Aston Martin,17
Acura,24
Acura,31
Acura,31
Acura,29
Acura,28
Acura,30
Acura,23
Acura,21
Subaru,34
Subaru,34
Subaru,34
Subaru,34
Subaru,34
Subaru,34
Subaru,27
Subaru,27
Subaru,25
Subaru,25
Subaru,25
Subaru,25
Mitsubishi,30
Mitsubishi,30
Mitsubishi,25
Mitsubishi,26
Subaru,27
Subaru,27
Subaru,27
Subaru,27
Buick,31
Buick,31
Buick,31
Aston Martin,18
Aston Martin,17
Aston Martin,17
Aston Martin,18
Suzuki,31
Suzuki,29
Aston Martin,19
Aston Martin,19
Aston Martin,19
Aston Martin,19
Aston Martin,19
Aston Martin,19
Saab,29
Saab,20
Saab,23
Saab,33
Subaru,27
Subaru,27
Subaru,27
Subaru,27
Subaru,27
Subaru,27
Subaru,24
Subaru,24
Saab,23
Saab,21
Suzuki,33
Suzuki,33
Suzuki,30
Suzuki,30
Suzuki,30
Aston Martin,19
Aston Martin,19
Saab,23
Saab,28
Saab,28
Saab,23
Saab,28
Saab,33
Lincoln,27
Lincoln,25
Lincoln,25
Lincoln,25
Lincoln,23
Lincoln,26
Lincoln,23
Lincoln,24
Lincoln,22
Bentley,18
Lincoln,14
Lincoln,18
Lincoln,14
Lincoln,13
Honda,37
Honda,37
Honda,33
Honda,33
Honda,35
Honda,33
Honda,27
Honda,27
Honda,28
Honda,27
Honda,28
Honda,25
Honda,24
Honda,25
Honda,24
Honda,25
Lamborghini,20
Lamborghini,20
BMW,25
BMW,25
